{"cameraMode":{"drawMode":0,"name":"Shaded","section":"Shading Mode"},"sceneLighting":false,"audioPlay":false,"sceneViewState":{"m_AlwaysRefresh":false,"showFog":true,"showSkybox":true,"showFlares":true,"showImageEffects":true,"showParticleSystems":true,"showVisualEffectGraphs":true,"m_FxEnabled":true},"in2DMode":false,"pivot":{"x":333.37335205078127,"y":439.1199035644531,"z":323.450439453125},"rotation":{"x":-0.025752097368240358,"y":0.06325694173574448,"z":-0.0017211504746228457,"w":-0.9977708458900452},"size":643.989501953125,"orthographic":false}